latitude,longitude,course_count,course_list
42,-84,0,
42.05,-84,0,
42.1,-84,0,
42.15,-84,0,
42.2,-84,0,
42.25,-84,0,
42.3,-84,0,
42.35,-84,0,
42.4,-84,0,
42.45,-84,0,
42.5,-84,0,
42.55,-84,0,
42.6,-84,0,
42.65,-84,0,
42.7,-84,0,
42.75,-84,0,
42.8,-84,0,
42.85,-84,0,
42.9,-84,0,
42.95,-84,0,
43,-84,0,
43.05,-84,0,
42,-83.95,0,
42.05,-83.95,0,
42.1,-83.95,0,
42.15,-83.95,0,
42.2,-83.95,0,
42.25,-83.95,0,
42.3,-83.95,0,
42.35,-83.95,0,
42.4,-83.95,0,
42.45,-83.95,0,
42.5,-83.95,0,
42.55,-83.95,0,
42.6,-83.95,0,
42.65,-83.95,0,
42.7,-83.95,0,
42.75,-83.95,0,
42.8,-83.95,0,
42.85,-83.95,0,
42.9,-83.95,0,
42.95,-83.95,0,
43,-83.95,0,
43.05,-83.95,0,
42,-83.9,0,
42.05,-83.9,0,
42.1,-83.9,0,
42.15,-83.9,0,
42.2,-83.9,0,
42.25,-83.9,0,
42.3,-83.9,0,
42.35,-83.9,0,
42.4,-83.9,0,
42.45,-83.9,0,
42.5,-83.9,1,
42.55,-83.9,2,
42.6,-83.9,2,
42.65,-83.9,2,
42.7,-83.9,1,
42.75,-83.9,0,
42.8,-83.9,0,
42.85,-83.9,0,
42.9,-83.9,0,
42.95,-83.9,0,
43,-83.9,0,
43.05,-83.9,0,
42,-83.85,0,
42.05,-83.85,0,
42.1,-83.85,0,
42.15,-83.85,0,
42.2,-83.85,0,
42.25,-83.85,0,
42.3,-83.85,2,
42.35,-83.85,3,
42.4,-83.85,5,
42.45,-83.85,7,
42.5,-83.85,8,
42.55,-83.85,4,
42.6,-83.85,4,
42.65,-83.85,3,
42.7,-83.85,3,
42.75,-83.85,2,
42.8,-83.85,0,
42.85,-83.85,0,
42.9,-83.85,0,
42.95,-83.85,0,
43,-83.85,0,
43.05,-83.85,0,
42,-83.8,0,
42.05,-83.8,0,
42.1,-83.8,0,
42.15,-83.8,0,
42.2,-83.8,0,
42.25,-83.8,1,
42.3,-83.8,4,
42.35,-83.8,7,
42.4,-83.8,9,
42.45,-83.8,10,
42.5,-83.8,12,
42.55,-83.8,13,
42.6,-83.8,9,
42.65,-83.8,7,
42.7,-83.8,4,
42.75,-83.8,5,
42.8,-83.8,4,
42.85,-83.8,0,
42.9,-83.8,0,
42.95,-83.8,0,
43,-83.8,0,
43.05,-83.8,0,
42,-83.75,0,
42.05,-83.75,0,
42.1,-83.75,0,
42.15,-83.75,0,
42.2,-83.75,2,
42.25,-83.75,6,
42.3,-83.75,8,
42.35,-83.75,13,
42.4,-83.75,14,
42.45,-83.75,15,
42.5,-83.75,16,
42.55,-83.75,15,
42.6,-83.75,13,
42.65,-83.75,11,
42.7,-83.75,9,
42.75,-83.75,9,
42.8,-83.75,5,
42.85,-83.75,3,
42.9,-83.75,1,
42.95,-83.75,0,
43,-83.75,0,
43.05,-83.75,0,
42,-83.7,0,
42.05,-83.7,0,
42.1,-83.7,0,
42.15,-83.7,1,
42.2,-83.7,3,
42.25,-83.7,8,
42.3,-83.7,13,
42.35,-83.7,16,
42.4,-83.7,18,
42.45,-83.7,24,
42.5,-83.7,24,
42.55,-83.7,22,
42.6,-83.7,20,
42.65,-83.7,18,
42.7,-83.7,14,
42.75,-83.7,10,
42.8,-83.7,6,
42.85,-83.7,5,
42.9,-83.7,2,
42.95,-83.7,0,
43,-83.7,0,
43.05,-83.7,0,
42,-83.65,0,
42.05,-83.65,0,
42.1,-83.65,1,
42.15,-83.65,3,
42.2,-83.65,6,
42.25,-83.65,11,
42.3,-83.65,17,
42.35,-83.65,20,
42.4,-83.65,24,
42.45,-83.65,29,
42.5,-83.65,31,
42.55,-83.65,31,
42.6,-83.65,26,
42.65,-83.65,23,
42.7,-83.65,18,
42.75,-83.65,13,
42.8,-83.65,12,
42.85,-83.65,6,
42.9,-83.65,2,
42.95,-83.65,1,
43,-83.65,0,
43.05,-83.65,0,
42,-83.6,0,
42.05,-83.6,1,
42.1,-83.6,2,
42.15,-83.6,5,
42.2,-83.6,11,
42.25,-83.6,17,
42.3,-83.6,21,
42.35,-83.6,26,
42.4,-83.6,28,
42.45,-83.6,34,
42.5,-83.6,36,
42.55,-83.6,41,
42.6,-83.6,37,
42.65,-83.6,30,
42.7,-83.6,23,
42.75,-83.6,18,
42.8,-83.6,13,
42.85,-83.6,9,
42.9,-83.6,4,
42.95,-83.6,2,
43,-83.6,0,
43.05,-83.6,0,
42,-83.55,1,
42.05,-83.55,2,
42.1,-83.55,5,
42.15,-83.55,9,
42.2,-83.55,15,
42.25,-83.55,25,
42.3,-83.55,27,
42.35,-83.55,30,
42.4,-83.55,36,
42.45,-83.55,42,
42.5,-83.55,44,
42.55,-83.55,46,
42.6,-83.55,46,
42.65,-83.55,36,
42.7,-83.55,30,
42.75,-83.55,21,
42.8,-83.55,17,
42.85,-83.55,12,
42.9,-83.55,9,
42.95,-83.55,2,
43,-83.55,0,
43.05,-83.55,0,
42,-83.5,2,
42.05,-83.5,2,
42.1,-83.5,6,
42.15,-83.5,10,
42.2,-83.5,20,
42.25,-83.5,27,
42.3,-83.5,33,
42.35,-83.5,37,
42.4,-83.5,45,
42.45,-83.5,52,
42.5,-83.5,51,
42.55,-83.5,57,
42.6,-83.5,54,
42.65,-83.5,43,
42.7,-83.5,36,
42.75,-83.5,29,
42.8,-83.5,20,
42.85,-83.5,14,
42.9,-83.5,11,
42.95,-83.5,4,
43,-83.5,0,
43.05,-83.5,0,
42,-83.45,3,
42.05,-83.45,5,
42.1,-83.45,13,
42.15,-83.45,15,
42.2,-83.45,22,
42.25,-83.45,29,
42.3,-83.45,34,
42.35,-83.45,41,
42.4,-83.45,49,
42.45,-83.45,59,
42.5,-83.45,61,
42.55,-83.45,63,
42.6,-83.45,58,
42.65,-83.45,52,
42.7,-83.45,44,
42.75,-83.45,36,
42.8,-83.45,24,
42.85,-83.45,16,
42.9,-83.45,12,
42.95,-83.45,6,
43,-83.45,1,
43.05,-83.45,0,
42,-83.4,4,
42.05,-83.4,8,
42.1,-83.4,15,
42.15,-83.4,19,
42.2,-83.4,27,
42.25,-83.4,32,
42.3,-83.4,37,
42.35,-83.4,46,
42.4,-83.4,56,
42.45,-83.4,64,
42.5,-83.4,64,
42.55,-83.4,65,
42.6,-83.4,66,
42.65,-83.4,58,
42.7,-83.4,53,
42.75,-83.4,43,
42.8,-83.4,30,
42.85,-83.4,19,
42.9,-83.4,12,
42.95,-83.4,8,
43,-83.4,1,
43.05,-83.4,0,
42,-83.35,8,
42.05,-83.35,11,
42.1,-83.35,15,
42.15,-83.35,19,
42.2,-83.35,25,
42.25,-83.35,32,
42.3,-83.35,37,
42.35,-83.35,49,
42.4,-83.35,60,
42.45,-83.35,66,
42.5,-83.35,64,
42.55,-83.35,66,
42.6,-83.35,64,
42.65,-83.35,61,
42.7,-83.35,53,
42.75,-83.35,43,
42.8,-83.35,33,
42.85,-83.35,23,
42.9,-83.35,16,
42.95,-83.35,9,
43,-83.35,4,
43.05,-83.35,0,
42,-83.3,8,
42.05,-83.3,10,
42.1,-83.3,15,
42.15,-83.3,19,
42.2,-83.3,23,
42.25,-83.3,31,
42.3,-83.3,35,
42.35,-83.3,44,
42.4,-83.3,55,
42.45,-83.3,60,
42.5,-83.3,65,
42.55,-83.3,64,
42.6,-83.3,63,
42.65,-83.3,62,
42.7,-83.3,56,
42.75,-83.3,49,
42.8,-83.3,35,
42.85,-83.3,26,
42.9,-83.3,18,
42.95,-83.3,9,
43,-83.3,6,
43.05,-83.3,1,
42,-83.25,9,
42.05,-83.25,10,
42.1,-83.25,14,
42.15,-83.25,18,
42.2,-83.25,22,
42.25,-83.25,27,
42.3,-83.25,33,
42.35,-83.25,42,
42.4,-83.25,51,
42.45,-83.25,56,
42.5,-83.25,60,
42.55,-83.25,62,
42.6,-83.25,65,
42.65,-83.25,63,
42.7,-83.25,55,
42.75,-83.25,46,
42.8,-83.25,38,
42.85,-83.25,25,
42.9,-83.25,19,
42.95,-83.25,11,
43,-83.25,6,
43.05,-83.25,2,
42,-83.2,8,
42.05,-83.2,10,
42.1,-83.2,13,
42.15,-83.2,17,
42.2,-83.2,20,
42.25,-83.2,24,
42.3,-83.2,30,
42.35,-83.2,40,
42.4,-83.2,47,
42.45,-83.2,53,
42.5,-83.2,57,
42.55,-83.2,56,
42.6,-83.2,61,
42.65,-83.2,61,
42.7,-83.2,58,
42.75,-83.2,43,
42.8,-83.2,34,
42.85,-83.2,24,
42.9,-83.2,20,
42.95,-83.2,12,
43,-83.2,6,
43.05,-83.2,1,
42,-83.15,8,
42.05,-83.15,9,
42.1,-83.15,11,
42.15,-83.15,16,
42.2,-83.15,18,
42.25,-83.15,23,
42.3,-83.15,28,
42.35,-83.15,36,
42.4,-83.15,44,
42.45,-83.15,51,
42.5,-83.15,53,
42.55,-83.15,53,
42.6,-83.15,59,
42.65,-83.15,62,
42.7,-83.15,57,
42.75,-83.15,41,
42.8,-83.15,31,
42.85,-83.15,23,
42.9,-83.15,19,
42.95,-83.15,14,
43,-83.15,5,
43.05,-83.15,1,
42,-83.1,7,
42.05,-83.1,9,
42.1,-83.1,10,
42.15,-83.1,13,
42.2,-83.1,18,
42.25,-83.1,22,
42.3,-83.1,28,
42.35,-83.1,30,
42.4,-83.1,36,
42.45,-83.1,39,
42.5,-83.1,46,
42.55,-83.1,54,
42.6,-83.1,54,
42.65,-83.1,56,
42.7,-83.1,55,
42.75,-83.1,43,
42.8,-83.1,31,
42.85,-83.1,23,
42.9,-83.1,17,
42.95,-83.1,13,
43,-83.1,5,
43.05,-83.1,1,
42,-83.05,6,
42.05,-83.05,7,
42.1,-83.05,8,
42.15,-83.05,10,
42.2,-83.05,13,
42.25,-83.05,18,
42.3,-83.05,22,
42.35,-83.05,24,
42.4,-83.05,28,
42.45,-83.05,35,
42.5,-83.05,45,
42.55,-83.05,49,
42.6,-83.05,52,
42.65,-83.05,49,
42.7,-83.05,49,
42.75,-83.05,39,
42.8,-83.05,29,
42.85,-83.05,20,
42.9,-83.05,16,
42.95,-83.05,12,
43,-83.05,4,
43.05,-83.05,1,
42,-83,4,
42.05,-83,6,
42.1,-83,6,
42.15,-83,7,
42.2,-83,10,
42.25,-83,15,
42.3,-83,16,
42.35,-83,17,
42.4,-83,22,
42.45,-83,27,
42.5,-83,36,
42.55,-83,40,
42.6,-83,47,
42.65,-83,42,
42.7,-83,41,
42.75,-83,36,
42.8,-83,28,
42.85,-83,22,
42.9,-83,15,
42.95,-83,9,
43,-83,4,
43.05,-83,1,
42,-82.95,4,
42.05,-82.95,5,
42.1,-82.95,6,
42.15,-82.95,6,
42.2,-82.95,8,
42.25,-82.95,10,
42.3,-82.95,7,
42.35,-82.95,12,
42.4,-82.95,16,
42.45,-82.95,23,
42.5,-82.95,28,
42.55,-82.95,34,
42.6,-82.95,39,
42.65,-82.95,37,
42.7,-82.95,33,
42.75,-82.95,32,
42.8,-82.95,24,
42.85,-82.95,20,
42.9,-82.95,12,
42.95,-82.95,6,
43,-82.95,3,
43.05,-82.95,1,
42,-82.9,0,
42.05,-82.9,2,
42.1,-82.9,4,
42.15,-82.9,4,
42.2,-82.9,7,
42.25,-82.9,5,
42.3,-82.9,6,
42.35,-82.9,7,
42.4,-82.9,15,
42.45,-82.9,19,
42.5,-82.9,25,
42.55,-82.9,28,
42.6,-82.9,29,
42.65,-82.9,29,
42.7,-82.9,29,
42.75,-82.9,28,
42.8,-82.9,23,
42.85,-82.9,19,
42.9,-82.9,9,
42.95,-82.9,4,
43,-82.9,3,
43.05,-82.9,0,
42,-82.85,0,
42.05,-82.85,0,
42.1,-82.85,0,
42.15,-82.85,0,
42.2,-82.85,1,
42.25,-82.85,4,
42.3,-82.85,4,
42.35,-82.85,5,
42.4,-82.85,12,
42.45,-82.85,16,
42.5,-82.85,19,
42.55,-82.85,22,
42.6,-82.85,23,
42.65,-82.85,23,
42.7,-82.85,24,
42.75,-82.85,21,
42.8,-82.85,19,
42.85,-82.85,14,
42.9,-82.85,8,
42.95,-82.85,3,
43,-82.85,1,
43.05,-82.85,0,
42,-82.8,0,
42.05,-82.8,0,
42.1,-82.8,0,
42.15,-82.8,0,
42.2,-82.8,1,
42.25,-82.8,4,
42.3,-82.8,4,
42.35,-82.8,4,
42.4,-82.8,9,
42.45,-82.8,13,
42.5,-82.8,17,
42.55,-82.8,19,
42.6,-82.8,17,
42.65,-82.8,18,
42.7,-82.8,18,
42.75,-82.8,16,
42.8,-82.8,15,
42.85,-82.8,13,
42.9,-82.8,5,
42.95,-82.8,1,
43,-82.8,0,
43.05,-82.8,0,
42,-82.75,0,
42.05,-82.75,0,
42.1,-82.75,0,
42.15,-82.75,0,
42.2,-82.75,1,
42.25,-82.75,3,
42.3,-82.75,4,
42.35,-82.75,4,
42.4,-82.75,7,
42.45,-82.75,10,
42.5,-82.75,16,
42.55,-82.75,17,
42.6,-82.75,17,
42.65,-82.75,15,
42.7,-82.75,15,
42.75,-82.75,13,
42.8,-82.75,10,
42.85,-82.75,7,
42.9,-82.75,3,
42.95,-82.75,0,
43,-82.75,0,
43.05,-82.75,0,
42,-82.7,0,
42.05,-82.7,0,
42.1,-82.7,0,
42.15,-82.7,0,
42.2,-82.7,0,
42.25,-82.7,1,
42.3,-82.7,3,
42.35,-82.7,4,
42.4,-82.7,4,
42.45,-82.7,7,
42.5,-82.7,12,
42.55,-82.7,13,
42.6,-82.7,12,
42.65,-82.7,11,
42.7,-82.7,11,
42.75,-82.7,10,
42.8,-82.7,9,
42.85,-82.7,3,
42.9,-82.7,2,
42.95,-82.7,0,
43,-82.7,0,
43.05,-82.7,0,
