courses long,courses short,city,county,Type,google rating,slope,latitude,longitude
Bay Pointe Golf Club,Bay Pointe,West Bloomfield Township,Oakland,Public,3.9,121,42.5820236,-83.4399
Beacon Hill Golf Club,Beacon Hill,Commerce Township,Oakland,Public,4.3,126,42.6083925,-83.5326
Bee Tee Golf Course,Bee Tee,Macomb,Macomb,Public,3.7,132,42.6475784,-82.8807
Bello Woods Golf Course,Bello Woods,Macomb,Macomb,Public,3.9,110,42.6725082,-82.8718
Birmingham Country Club,Birmingham CC,Birmingham,Oakland,Private,4.7,129,42.5331268,-83.2343
Blackheath Golf Club,Blackheath,Oakland Township,Oakland,Public,3.7,125,42.7515637,-83.1345
Bloomfield Hills Country Club,Bloomfield Hills CC,Bloomfield Hills,Oakland,Private,4.4,128,42.5829062,-83.2526
Boulder Pointe Golf Club,Boulder Pointe,Oxford,Oakland,Public,4.3,130,42.834254,-83.2777
Brae Burn Golf Club,Brae Burn,Plymouth Township,Wayne,Public,3.7,123,42.3912925,-83.5511
Brentwood Golf Club,Brentwood,White Lake,Oakland,Public,4.1,119,42.6184413,-83.5258
Brookwood,Brookwood ,Rochester Hills,Oakland,Private,4.6,125,42.69397,-83.1748
Bruce Hills Public Golf Course,Bruce Hills,Bruce Township,Macomb,Public,3.8,106,42.824,-83.0517
Bushwood Golf Course,Bushwood,Northville,Wayne,Public,4.3,90,42.4054174,-83.4336
Cedar Glen Golf and Outing,Cedar Glen,New Baltimore,Macomb,Public,3.7,116,42.7053666,-82.7472
Chandler Park Golf Course,Chandler Park,Detroit,Wayne,Public,4.2,104,42.3971545,-82.9729
Cherry Creek Golf Club,Cherry Creek,Shelby Township,Macomb,Public,4.5,124,42.6769759,-83.0214
Copper Creek Golf Course,Copper Creek,Farmington Hills,Oakland,Public,4.2,114,42.4983563,-83.4241
Copper Hills Golf Club,Copper Hills,Oxford,Oakland,Public,3.9,134,42.8273195,-83.1829
Country Club of Detroit,Country Club of Detroit,Grosse Pointe Farms,Wayne,Private,4.6,131,42.4147241,-82.8941
Coyote Golf Club,Coyote,New Hudson,Oakland,Public,4.1,133,42.4975715,-83.6124
Cracklewood Golf Club,Cracklewood,Macomb,Macomb,Public,3.9,121,42.6896171,-82.9429
Dearborn Country Club,Dearborn CC,Dearborn,Wayne,Private,4.5,124,42.3177515,-83.2545
Dearborn Hills Golf Course,Dearborn Hills,Dearborn,Wayne,Public,3.6,100,42.301256,-83.2736
Detroit Golf Club,Detroit Golf Club,Detroit,Wayne,Private,4.7,125,42.42628,-83.1262
Downing Farms Golf Course,Downing Farms,Northville,Wayne,Public,3.8,115,42.4183758,-83.6045
Edgewood Country Club,Edgewood,Commerce Township,Oakland,Private,4.7,128,42.5898478,-83.4501
Evergreen Hills Golf Course,Evergreen Hills,Southfield,Oakland,Public,4,108,42.4791174,-83.2357
Farmington Hills Golf Club,Farmington Hills,Farmington Hills,Oakland,Public,4.2,118,42.4825756,-83.4191
Fellows Creek Golf Club,Fellows Creek,Canton Township,Wayne,Public,4.2,119,42.2861686,-83.4387
Fern Hill Golf Club,Fern Hill,Clinton Township,Macomb,Public,4.1,112,42.5822095,-82.9422
Fieldstone Golf Club,Fieldstone,Auburn Hills,Oakland,Public,3.9,134,42.6881525,-83.2563
Forest Lake Country Club,Forest Lake,Bloomfield Township,Oakland,Private,4.6,132,42.596914,-83.2972
Fountains Golf & Banquet,Fountains,Village of Clarkston,Oakland,Public,4.4,119,42.719551,-83.3906
Fox Creek Golf Course,Fox Creek,Livonia,Wayne,Public,4.4,118,42.4272129,-83.3982
Fox Hills Golf & Banquet Center,Fox Hills,Plymouth,Wayne,Public,4.6,125,42.3628588,-83.5931
Franklin Hills Country Club,Franklin Hills,Franklin,Oakland,Private,4.4,133,42.5195905,-83.3233
Gateway Golf Club,Gateway,Romulus,Wayne,Public,4.2,128,42.2665742,-83.3631
Glacier Club,Glacier Club,Washington,Macomb,Public,0,126,42.7353138,-83.0385
Glen Oaks Golf Course,Glen Oaks,Farmington Hills,Oakland,Public,4.4,118,42.5143666,-83.3526
Glenhurst Golf Course,Glenhurst,Redford Township,Wayne,Public,4.3,109,42.41393,-83.2910
Gowanie Golf Club,Gowanie,Harrison Township,Macomb,Private,4.7,124,42.5894953,-82.8612
Great Oaks Country Club,Great Oaks,Rochester Hills,Oakland,Private,4.6,131,42.6852366,-83.1492
Greystone Golf Club,Greystone,Washington,Macomb,Public,4.4,139,42.7923316,-83.0573
Grosse Ile Golf & Country Club,Grosse Ile,Grosse Ile Township,Wayne,Public,4.6,127,42.1255648,-83.1616
Grosse Pointe Club (Little Club),Grosse Pointe,Grosse Pointe Farms,Wayne,Private,4.5,105,42.3859811,-82.8980
Heather Highlands Golf Club,Heather Highlands,Holly,Oakland,Public,2.8,124,42.7788069,-83.5177
Heather Hills Golf Club,Heather Hills,Bruce Township,Macomb,Public,4.5,113,42.880275,-83.0910
Heathers Club of Bloomfield,Heathers Club,Bloomfield Hills,Oakland,Private,4.6,123,42.608721,-83.2319
Hickory Hill Golf Course,Hickory Hill,Wixom,Oakland,Public,4,113,42.5553149,-83.5229
Hickory Hollow Golf Club,Hickory Hollow,Macomb,Macomb,Public,4.1,114,42.6601019,-82.8782
Highland Hills Golf Club,Highland Hills,Highland Township,Oakland,Public,3.5,117,42.6807462,-83.5853
Hilltop Golf Course,Hilltop,Plymouth,Wayne,Public,3.7,119,42.3656005,-83.5046
Idyl Wyld Golf Course,Idyl Wyld,Livonia,Wayne,Public,3.8,111,42.3977144,-83.3969
Indian Springs Metropark Golf,Indian Springs,White Lake,Oakland,Public,4.2,120,42.7012706,-83.4894
Indianwood Golf & Country Club,Indianwood,Lake Orion,Oakland,Private,4.6,133,42.7883503,-83.2675
Inkster Valley Golf Course,Inkster Valley,Inkster,Wayne,Public,3.7,133,42.2941339,-83.3319
Katke-Cousins Golf Course,Katke-Cousins,Rochester Hills,Oakland,Private,4.7,140,42.6643028,-83.2036
Knollwood Country Club,Knollwood,West Bloomfield Township,Oakland,Private,4.7,128,42.5447021,-83.3283
Lake Erie Metropark Golf Course,Lake Erie,Brownstown Township,Wayne,Public,4.3,117,42.054072,-83.2000
Lakes of Taylor Golf Course,Lakes of Taylor,Taylor,Wayne,Public,4.3,132,42.2099154,-83.2832
Lincoln Hills Golf Course,Lincoln Hills,Birmingham,Oakland,Public,4.3,110,42.5313105,-83.2476
Links of Novi,Links of Novi,Novi,Oakland,Public,4.2,127,42.4627905,-83.5437
Lochmoor Club,Lochmoor,Grosse Pointe Woods,Wayne,Private,4.5,127,42.4364128,-82.8943
Lyon Oaks County Park Golf Course,Lyon Oaks,Wixom,Oakland,Public,4.2,131,42.5199661,-83.5706
Mack Mayfield Municipal Golf Course,Mack Mayfield,Westland,Wayne,Public,4.1,102,42.3065336,-83.3502
Maple Lane Golf Club,Maple Lane,Sterling Heights,Macomb,Public,4,111,42.5379733,-83.0075
Maples Golf Club,Maples Golf,Novi,Oakland,Public,4,112,42.5259148,-83.4588
Marsh Oaks Golf Club,Marsh Oaks,New Haven,Macomb,Public,3.2,131,42.7230567,-82.7571
Meadowbrook Country Club,Meadowbrook,Northville,Wayne,Private,4.7,142,42.437734,-83.4468
Mystic Creek Golf Course,Mystic Creek,Milford,Oakland,Public,4.2,129,42.5886155,-83.6300
Myth Public Golf Course,Myth,Oakland Township,Oakland,Public,3.3,119,42.7707932,-83.1580
Northville Hills Golf Club,Northville Hills,Northville,Wayne,Public,4.4,132,42.4004374,-83.4959
Oakhurst Golf & Country Club,Oakhurst,Village of Clarkston,Oakland,Private,4.5,132,42.7430918,-83.3469
Oakland Hills Country Club,Oakland Hills,Bloomfield Hills,Oakland,Private,4.8,137,42.5438957,-83.2777
Orchard Lake Country Club,Orchard Lake,West Bloomfield Township,Oakland,Private,4.7,131,42.5858634,-83.3827
Oxford Hills Golf Club,Oxford Hills,Oxford,Oakland,Public,4,118,42.8065094,-83.2443
Paint Creek Country Club,Paint Creek,Lake Orion,Oakland,Private,4.4,127,42.794827,-83.2945
Pheasant Run Golf Club,Pheasant Run,Canton Township,Wayne,Public,4.3,128,42.295347,-83.4985
Pine Knob Golf Club,Pine Knob,Village of Clarkston,Oakland,Public,4.4,127,42.7406712,-83.3720
Pine Lake Country Club,Pine Lake,West Bloomfield Township,Oakland,Private,4.8,130,42.5929919,-83.3433
Pine Trace Golf Club,Pine Trace,Rochester Hills,Oakland,Public,3.5,129,42.6242314,-83.1973
Pine Valley Golf & Country Club,Pine Valley,Ray,Macomb,Public,3.9,121,42.7909622,-82.9595
Plum Brook Golf Club,Plum Brook,Sterling Heights,Macomb,Public,3.7,117,42.5738537,-82.9927
Plum Hollow Country Club,Plum Hollow,Southfield,Oakland,Private,4.5,133,42.4511435,-83.2625
Pontiac Country Club,Pontiac CC,Waterford Township,Oakland,Public,4.2,115,42.6377834,-83.3718
Prestwick Village Golf Club,Prestwick Village,Highland,Oakland,Private,4.7,131,42.63549,-83.6412
Rackham Golf Course,Rackham,Huntington Woods,Oakland,Public,3.8,115,42.4761842,-83.1636
Rammler Golf Club,Rammler,Sterling Heights,Macomb,Public,4,116,42.5784804,-82.9866
Red Oaks Golf Course,Red Oaks,Madison Heights,Oakland,Public,4.3,103,42.5093866,-83.1053
Red Run Golf Club,Red Run,Royal Oak,Oakland,Private,4.6,128,42.5067803,-83.1423
Riverview Highlands Golf Course,Riverview Highlands,Riverview,Wayne,Public,4,118,42.1677035,-83.2051
Rouge Park Golf Course,Rouge Park,Detroit,Wayne,Public,4.2,112,42.3734783,-83.2472
Royal Oak Golf Course,Royal Oak,Royal Oak,Oakland,Public,3.5,110,42.5190216,-83.1785
Salem Hills Golf Club,Salem Hills,Northville,Wayne,Public,4.2,124,42.4048396,-83.5916
Sanctuary Lake Golf Course,Sanctuary Lake,Troy,Oakland,Public,3.9,123,42.6236589,-83.1038
Selfridge Golf Course,Shenandoah,West Bloomfield Township,Oakland,Private,4.5,122,42.6018281,-82.8097
Shenandoah Country Club,Shepherd's Hollow,Village of Clarkston,Oakland,Public,4.4,131,42.5571746,-83.3979
Shepherd's Hollow Golf Club,Silver Lake,Waterford Township,Oakland,Public,4.3,138,42.7295534,-83.4643
Silver Lake Golf Club,Somerset,Troy,Oakland,Public,3.9,108,42.682091,-83.3387
Somerset Golf Club,SouthWinds,Southgate,Wayne,Public,3.6,107,42.5583343,-83.1802
Springdale Golf Course,Springdale,Bloomfield Hills,Oakland,Public,4.5,107,42.5655499,-83.2159
Springfield Oaks Golf Course,Springfield Oaks,Davisburg,Oakland,Public,4.3,117,42.7458934,-83.5307
Stony Creek Metropark Golf Course,Stony Creek,Shelby Township,Macomb,Public,3.8,126,42.7174139,-83.1082
Stonycroft Hills Club,Stonycroft Hills,Bloomfield Hills,Oakland,Private,4.8,115,42.5893308,-83.2404
Sycamore Hills Golf Club,Sycamore Hills,Macomb,Macomb,Public,3.9,118,42.656245,-82.8781
Sylvan Glen Golf Course,Sylvan Glen,Troy,Oakland,Public,4.2,114,42.602679,-83.1302
Tam O'Shanter Country Club,Tam O'shanter,West Bloomfield Township,Oakland,Private,4.9,130,42.5643811,-83.3546
Tanglewood Golf Club,Tanglewood,South Lyon,Oakland,Public,4.4,126,42.4550792,-83.5782
Taylor Meadows Golf Club,Taylor Meadows,Taylor,Wayne,Public,4.3,124,42.2566169,-83.2837
The Cardinal,The Cardinal,Plymouth Township,Wayne,Public,4.2,137,42.3935362,-83.4786
The Links at Crystal Lake,The Links,Pontiac,Oakland,Public,4.2,112,42.6185414,-83.3021
The Orchards Golf Club,The Orchards,Washington,Macomb,Public,4.3,128,42.7556533,-83.0366
The Wyndgate Country Club,The Wyndgate,Rochester Hills,Oakland,Private,4.6,132,42.7386996,-83.1821
TPC Michigan,TPC Michigan,Dearborn,Wayne,Private,4.6,136,42.3064079,-83.2009
Twin Lakes Golf Club,Twin Lakes,Oakland Township,Oakland,Public,4.3,125,42.7676899,-83.1290
Wabeek Club,Wabeek Club,Bloomfield Township,Oakland,Private,4.6,131,42.5798209,-83.3162
Walnut Creek Country Club,Walnut Creek,South Lyon,Oakland,Private,4.7,132,42.473851,-83.5684
Warfield Greens Golf Club,Warfield Greens,Fraser,Macomb,Public,3.9,70,42.5482135,-82.9587
Warren Valley Golf Course,Warren Valley,Dearborn Heights,Wayne,Public,4,117,42.3409466,-83.2967
Water's Edge Golf Course,Water's Edge,Grosse Ile,Wayne,Public,4.2,116,42.1251068,-83.1725
West Shore Golf & Country Club,West Shore,Grosse Ile Township,Wayne,Private,4.6,121,42.14011,-83.1689
Western Golf & Country Club,Western,Redford Township,Wayne,Public,4.6,126,42.3935384,-83.2999
Whispering Willows Golf Course,Whispering Willows,Livonia,Wayne,Public,4.1,114,42.4377306,-83.4128
White Lake Oaks Golf Course,White Lake Oaks,White Lake,Oakland,Public,4.1,118,42.6537221,-83.4488
Willow Metropark Golf Course,Willow Metropark,New Boston,Wayne,Public,4,128,42.1388137,-83.3656
Woodside Meadows,Woodside Meadows,Romulus,Wayne,Public,4.2,120,42.1532288,-83.3060
Wyandotte Shores Golf Course,Wyandotte Shores,Wyandotte,Wayne,Public,4.4,108,42.1959533,-83.1516
,,,,,,,,
